unique_id,group,keys,RT
002,2,p,5.73017603135668
002,2,s,2.44773460109718
002,2,t,3.21125932049472
002,2,m,3.21410020487383
