unique_id,group,keys,RT
002,2,2,18.2002221033908
002,2,1,15.834088558564
