unique_id,group,keys,RT
009,1,n,3.39468737633433
009,1,h,1.36407606664579
009,1,p,3.55428771674633
009,1,h,2.22212982177734
