unique_id,group,keys,RT
009,1,2,20.3177421152359
009,1,2,20.1176168017555
