unique_id,group,keys,RT
036,1,1,17.3488366212696
036,1,1,22.6031566245947
