unique_id,group,keys,RT
036,1,n,3.20437665516511
036,1,h,1.85497074970044
036,1,c,1.74453866225667
036,1,h,1.5521892758552
