unique_id,group,keys,RT
046,2,p,2.09479671693407
046,2,s,4.56773101654835
046,2,t,1.49077253579162
046,2,h,1.81189832044765
