unique_id,group,keys,RT
046,2,2,13.6671886753757
046,2,2,11.6126472002361
