unique_id,group,keys,RT
056,1,1,14.7227636328898
056,1,1,7.50577185628936
