unique_id,group,keys,RT
056,1,p,2.41057889233343
056,1,h,1.65639558038674
056,1,c,1.12299268995412
056,1,h,1.15736901317723
