unique_id,group,keys,RT
058,1,n,4.99349214299582
058,1,h,1.63613600889221
058,1,c,3.54576872754842
058,1,h,2.27733315736987
