unique_id,group,keys,RT
058,1,2,30.470135680167
058,1,1,13.8773853844032
