unique_id,group,keys,RT
070,1,2,18.3449290351709
070,1,1,17.9917455932591
