unique_id,group,keys,RT
070,1,n,4.70063691749237
070,1,h,3.26710634340998
070,1,c,2.47378809074871
070,1,h,1.98945818957873
