unique_id,group,keys,RT
153,2,2,16.6542452576105
153,2,2,10.105551490793
