unique_id,group,keys,RT
153,2,p,2.84154693642631
153,2,s,1.49899812252261
153,2,c,1.95705241058022
153,2,n,7.25978884729557
