unique_id,group,keys,RT
178,1,2,16.1307363860542
178,1,2,11.9049881995888
