unique_id,group,keys,RT
178,1,n,2.6411482214462
178,1,h,1.64106288820039
178,1,c,1.64805863017682
178,1,h,1.78967460396234
