unique_id,group,keys,RT
18008,1,2,23.6960553938989
18008,1,2,9.70929349644575
