unique_id,group,keys,RT
18008,1,p,4.90793575032149
18008,1,h,2.38964126084466
18008,1,c,1.653933188878
18008,1,h,1.74322173907422
