unique_id,group,keys,RT
231,2,p,12.9682299761334
231,2,s,2.95939087902661
231,2,c,2.43087260308675
231,2,m,2.38246971659828
