unique_id,group,keys,RT
231,2,2,16.4026296847733
231,2,1,11.3463488847483
