unique_id,group,keys,RT
266,1,1,3.62199673824944
266,1,1,11.8170515098609
