unique_id,group,keys,RT
266,1,n,2.04742996348068
266,1,h,1.15671439561993
266,1,c,1.11745194462128
266,1,h,1.12082024361007
