unique_id,group,keys,RT
267,2,p,4.24405431631021
267,2,f,3.56403165543452
267,2,f,5.44045466906391
267,2,m,3.45811315206811
