unique_id,group,keys,RT
267,2,2,12.8770669645164
267,2,2,17.4177054164466
