unique_id,group,keys,RT
309,1,p,2.91466364101507
309,1,f,1.95017963426653
309,1,c,1.49936671706382
309,1,m,1.50040770298801
