unique_id,group,keys,RT
309,1,2,10.9760458649835
309,1,1,7.50133688678034
