unique_id,group,keys,RT
311,1,2,15.4576809543651
311,1,1,14.1884366921149
