unique_id,group,keys,RT
311,1,n,2.43409021967091
311,1,h,1.46131947566755
311,1,c,1.89785907999612
311,1,h,1.73375228326768
