unique_id,group,keys,RT
391,1,n,1.73595300980378
391,1,h,1.43064030713867
391,1,c,2.27173527423292
391,1,h,1.0545460866997
