unique_id,group,keys,RT
391,1,2,18.3435016794829
391,1,1,10.9086871566251
