unique_id,group,keys,RT
397,1,n,1.76781389780808
397,1,y,1.6566385673359
397,1,c,1.18766192568
397,1,h,1.2595077380538
