unique_id,group,keys,RT
397,1,2,19.8675340363989
397,1,1,18.7609745999798
