unique_id,group,keys,RT
411,2,2,15.7391069545411
411,2,1,11.0996867946815
