unique_id,group,keys,RT
411,2,p,2.7255563265644
411,2,s,1.68798039550893
411,2,c,1.51680554426275
411,2,h,3.26674470468424
