unique_id,group,keys,RT
464,2,2,23.4665694551077
464,2,1,15.2432365377899
