unique_id,group,keys,RT
464,2,p,2.23803436080925
464,2,s,1.55815629288554
464,2,c,2.89440584252588
464,2,m,2.17517248401418
