unique_id,group,keys,RT
511,2,p,2.35839271754958
511,2,s,2.40241161105223
511,2,c,2.47091520647518
511,2,m,2.72911015653517
