unique_id,group,keys,RT
511,2,2,23.6166113712825
511,2,2,14.0862600118853
