unique_id,group,keys,RT
548,1,1,16.2925273402361
548,1,1,10.2601030952064
