unique_id,group,keys,RT
548,1,n,2.88334082625806
548,1,h,1.26690762769431
548,1,c,1.45110960805323
548,1,h,1.05130184488371
