unique_id,group,keys,RT
58008,2,p,2.671279147733
58008,2,s,1.57272855122574
58008,2,t,1.92814532597549
58008,2,m,1.84026970108971
