unique_id,group,keys,RT
58008,2,2,25.804083598312
58008,2,1,11.7217040765099
