unique_id,group,keys,RT
723,2,p,2.25300010107458
723,2,f,1.69987294799648
723,2,t,1.09988432563841
723,2,h,3.78103370359167
