unique_id,group,keys,RT
723,2,2,32.2743243649602
723,2,2,26.3508585488889
