unique_id,group,keys,RT
752,1,n,2.19543751829769
752,1,h,1.41994126234204
752,1,p,1.65494889090769
752,1,h,2.23351390263997
