unique_id,group,keys,RT
752,1,2,10.4888576965313
752,1,1,12.0453976566205
