unique_id,group,keys,RT
753,2,2,16.0307638761587
753,2,1,11.2947826525196
