unique_id,group,keys,RT
753,2,p,2.93397091072984
753,2,s,1.66608052630909
753,2,t,1.76413294952363
753,2,m,1.80160260852426
