unique_id,group,keys,RT
839,2,p,2.24092937563546
839,2,s,1.87331861606799
839,2,t,3.00961778545752
839,2,m,2.45565942162648
