unique_id,group,keys,RT
839,2,2,18.248144393554
839,2,2,13.9868633970618
