unique_id,group,keys,RT
893,1,2,13.5994029047433
893,1,2,9.42671577015426
