unique_id,group,keys,RT
893,1,n,3.1120448600268
893,1,t,3.21515146247111
893,1,p,1.38839365786407
893,1,m,1.60579815378878
