unique_id,group,keys,RT
895,2,2,10.6211857838789
895,2,2,11.3033413477242
