unique_id,group,keys,RT
895,2,p,3.59840181982145
895,2,s,1.53128883941099
895,2,t,1.94409411295783
895,2,m,1.96958029491361
