unique_id,group,keys,RT
923,2,p,1.63932896498591
923,2,s,1.0737322291825
923,2,c,1.32658674311824
923,2,m,2.31766033754684
