unique_id,group,keys,RT
923,2,2,8.9832549400162
923,2,2,10.970232540858
