unique_id,group,keys,RT
941,2,p,2.44791553914547
941,2,s,2.17272822081577
941,2,c,1.37004662514664
941,2,m,1.93458341201767
