unique_id,group,keys,RT
941,2,2,14.7094191259239
941,2,1,13.5715779609745
