unique_id,group,keys,RT
969,1,2,23.7962013203651
969,1,2,9.52145107858814
