unique_id,group,keys,RT
969,1,p,1.9200240354985
969,1,f,3.23222181294113
969,1,p,1.14910984621383
969,1,h,1.17631776886992
