"unique_id","group","keys","RT","trialID"
"222","1","p","2.5643081991002",1
"222","1","h","1.78237454406917",2
"222","1","c","1.71644738083705",3
"222","1","m","2.0765195665881",4
"333","1","n","0.687968148617074",1
"333","1","p","0.838946243282408",2
"333","1","l","0.284461656818166",3
"333","1","]","0.676742855692282",4
"767","2","w","1.32421674998477",1
"767","2","o","0.567282225936651",2
"767","2","p","0.63764040498063",3
"767","2","m","0.627381038852036",4
